Top pages,Clicks,Impressions,CTR,Position
https://salesolution.net/,11,672,1.64%,24.87
https://salesolution.net/contact-me/,3,130,2.31%,4.08
https://salesolution.net/guides/b2b-marketing-strategy-framework-with-example-7-step/,0,375,0%,69.29
https://salesolution.net/which-reports-indicate-how-traffic-arrived-at-a-website/,0,202,0%,55.35
https://salesolution.net/terms-of-service/,0,140,0%,4.17
https://salesolution.net/future-proof-your-seo/,0,133,0%,34.02
https://salesolution.net/privacy-policy/,0,129,0%,4.48
https://salesolution.net/career-paths/,0,93,0%,5.09
https://salesolution.net/guides/,0,86,0%,3.2
https://salesolution.net/category/blog/,0,76,0%,10.63
https://salesolution.net/book-growth-call/,0,75,0%,10.59
https://salesolution.net/services/ai-seo/,0,47,0%,4.68
https://salesolution.net/the-art-of-profitable-words-mastering-b2b-content-writing/,0,26,0%,6.69
https://salesolution.net/b2b-data-driven-marketing-no-more-guesswork/,0,26,0%,40.69
https://salesolution.net/generative-engine-optimization-basic-to-advanced/,0,22,0%,5.82
https://salesolution.net/unlock-growth-audit/,0,19,0%,10.58
https://salesolution.net/services/,0,17,0%,1.47
https://salesolution.net/sitemap/,0,13,0%,5.46
https://salesolution.net/content-marketing-101/,0,10,0%,7.1
https://salesolution.net/unlock-growth-audit,0,10,0%,7.2
https://salesolution.net/what-is-content-writing-master-the-science-of-web-writing-in-2023/,0,9,0%,5
https://salesolution.net/category/blog/engagement/,0,5,0%,8.6
https://salesolution.net/tag/b2b-marketing/,0,3,0%,9
https://salesolution.net/category/,0,2,0%,6.5
https://salesolution.net/tag/woocommerce/,0,2,0%,8
https://salesolution.net/guides/website-development-and-design-guides/,0,1,0%,3
https://salesolution.net/tag/content-writing/,0,1,0%,9