Top queries,Clicks,Impressions,CTR,Position
salesolution,9,52,17.31%,2.54
b2b marketing strategy framework,0,170,0%,71.25
sales solution,0,132,0%,62.65
b2b sales strategy framework,0,93,0%,85.32
sales solutions,0,89,0%,64.58
traffic website report,0,72,0%,76.35
best practices for optimizing product titles for ai search 2025,0,40,0%,84.45
b2b marketing framework,0,29,0%,61.59
b2b framework,0,25,0%,84.24
which reports indicate how traffic arrived at a website,0,20,0%,40.05
sale solution,0,12,0%,23.33
which report indicate how traffic arrived at a website,0,8,0%,36.88
b2b strategy framework,0,7,0%,73.29
which reports indicate how traffic arrived at a website?,0,5,0%,43.2
"what report shows which web pages get the most traffic and highest 
engagement?",0,5,0%,61.2
"what report shows the percentage of traffic that previously visited a 
website?",0,5,0%,61.8
data-driven b2b marketing,0,5,0%,64.8
data driven marketing b2b,0,5,0%,66
b2b marketing strategy framework template,0,5,0%,85
"""how to increase ecommerce conversion rate""",0,5,0%,94.8
digital sales solutions,0,4,0%,60.5
site traffic analysis reports,0,4,0%,70.5
solution sales,0,3,0%,7.33
future-proofing seo audit,0,3,0%,11.33
free business growth audit,0,3,0%,28.67
futureproof seo,0,3,0%,40.33
b2b seo agency,0,3,0%,41
which reports indicate how website referrals,0,3,0%,65
digital sales solution,0,3,0%,72.33
book a strategy call,0,3,0%,73.67
b2b digital marketing framework,0,3,0%,93.33
salessolution,0,2,0%,7
future proof seo,0,2,0%,69
reports website traffic,0,2,0%,72
b2b data-driven marketing,0,2,0%,92
what report shows which web pages get the most traffic,0,2,0%,92
sale online business,0,1,0%,1
saleads corp,0,1,0%,1
advanced generative engine optimization techniques 2026,0,1,0%,4
check website traffic source,0,1,0%,4
solution sale,0,1,0%,4
generative ai for marketing,0,1,0%,21
reporting site traffic web,0,1,0%,51
data driven b2b,0,1,0%,56
"what report shows the percentage of traffic that previously visited a 
website",0,1,0%,63
traffic on website report,0,1,0%,81
b2b data driven marketing,0,1,0%,82
traffic source report,0,1,0%,82
which reports show websites that send traffic to your pages,0,1,0%,82
b2b sales strategy frameworks,0,1,0%,86
b2b marketing frameworks,0,1,0%,95
sales and marketing solution,0,1,0%,99